{
  "GET All Items" : {
    "transaction" : "GET All Items",
    "sampleCount" : 50,
    "errorCount" : 0,
    "errorPct" : 0.0,
    "meanResTime" : 16.42,
    "medianResTime" : 9.0,
    "minResTime" : 6.0,
    "maxResTime" : 257.0,
    "pct1ResTime" : 21.699999999999996,
    "pct2ResTime" : 47.699999999999974,
    "pct3ResTime" : 257.0,
    "throughput" : 2.2428565020409996,
    "receivedKBytesPerSec" : 5.274786718364509,
    "sentKBytesPerSec" : 0.3438754597855829
  },
  "GET All Users" : {
    "transaction" : "GET All Users",
    "sampleCount" : 50,
    "errorCount" : 0,
    "errorPct" : 0.0,
    "meanResTime" : 20.02,
    "medianResTime" : 10.0,
    "minResTime" : 7.0,
    "maxResTime" : 422.0,
    "pct1ResTime" : 15.899999999999999,
    "pct2ResTime" : 53.29999999999994,
    "pct3ResTime" : 422.0,
    "throughput" : 2.2429571146599674,
    "receivedKBytesPerSec" : 4.113723533106047,
    "sentKBytesPerSec" : 0.34389088574376453
  },
  "GET User by ID" : {
    "transaction" : "GET User by ID",
    "sampleCount" : 50,
    "errorCount" : 0,
    "errorPct" : 0.0,
    "meanResTime" : 9.399999999999997,
    "medianResTime" : 8.0,
    "minResTime" : 5.0,
    "maxResTime" : 42.0,
    "pct1ResTime" : 14.599999999999994,
    "pct2ResTime" : 22.29999999999994,
    "pct3ResTime" : 42.0,
    "throughput" : 2.298322224775913,
    "receivedKBytesPerSec" : 0.5476919817283383,
    "sentKBytesPerSec" : 0.35870884566766265
  },
  "POST Create User" : {
    "transaction" : "POST Create User",
    "sampleCount" : 50,
    "errorCount" : 0,
    "errorPct" : 0.0,
    "meanResTime" : 12.799999999999999,
    "medianResTime" : 10.0,
    "minResTime" : 7.0,
    "maxResTime" : 130.0,
    "pct1ResTime" : 14.899999999999999,
    "pct2ResTime" : 18.89999999999999,
    "pct3ResTime" : 130.0,
    "throughput" : 2.2852964029434615,
    "receivedKBytesPerSec" : 0.5445879182092417,
    "sentKBytesPerSec" : 0.5382944261620732
  },
  "Total" : {
    "transaction" : "Total",
    "sampleCount" : 400,
    "errorCount" : 100,
    "errorPct" : 25.0,
    "meanResTime" : 12.142500000000005,
    "medianResTime" : 9.0,
    "minResTime" : 5.0,
    "maxResTime" : 422.0,
    "pct1ResTime" : 14.0,
    "pct2ResTime" : 19.0,
    "pct3ResTime" : 80.80000000000018,
    "throughput" : 16.79261125104954,
    "receivedKBytesPerSec" : 11.373181347082284,
    "sentKBytesPerSec" : 3.0009003069899243
  },
  "GET Non-existent User (404)" : {
    "transaction" : "GET Non-existent User (404)",
    "sampleCount" : 50,
    "errorCount" : 50,
    "errorPct" : 100.0,
    "meanResTime" : 7.9,
    "medianResTime" : 7.0,
    "minResTime" : 6.0,
    "maxResTime" : 19.0,
    "pct1ResTime" : 10.0,
    "pct2ResTime" : 11.899999999999991,
    "pct3ResTime" : 19.0,
    "throughput" : 2.3007546475243883,
    "receivedKBytesPerSec" : 0.27186651596723727,
    "sentKBytesPerSec" : 0.36623340580710473
  },
  "GET Item by ID" : {
    "transaction" : "GET Item by ID",
    "sampleCount" : 50,
    "errorCount" : 0,
    "errorPct" : 0.0,
    "meanResTime" : 9.559999999999997,
    "medianResTime" : 8.0,
    "minResTime" : 5.0,
    "maxResTime" : 48.0,
    "pct1ResTime" : 11.899999999999999,
    "pct2ResTime" : 27.199999999999932,
    "pct3ResTime" : 48.0,
    "throughput" : 2.279877798549998,
    "receivedKBytesPerSec" : 0.5920557658109525,
    "sentKBytesPerSec" : 0.35583014625416076
  },
  "GET Non-existent Item (404)" : {
    "transaction" : "GET Non-existent Item (404)",
    "sampleCount" : 50,
    "errorCount" : 50,
    "errorPct" : 100.0,
    "meanResTime" : 7.58,
    "medianResTime" : 7.0,
    "minResTime" : 5.0,
    "maxResTime" : 16.0,
    "pct1ResTime" : 9.899999999999999,
    "pct2ResTime" : 11.799999999999983,
    "pct3ResTime" : 16.0,
    "throughput" : 2.2811259637757195,
    "receivedKBytesPerSec" : 0.2695471109539669,
    "sentKBytesPerSec" : 0.3631089180619554
  },
  "POST Create Item" : {
    "transaction" : "POST Create Item",
    "sampleCount" : 50,
    "errorCount" : 0,
    "errorPct" : 0.0,
    "meanResTime" : 13.459999999999997,
    "medianResTime" : 10.0,
    "minResTime" : 6.0,
    "maxResTime" : 81.0,
    "pct1ResTime" : 18.9,
    "pct2ResTime" : 37.19999999999985,
    "pct3ResTime" : 81.0,
    "throughput" : 2.2682937894116044,
    "receivedKBytesPerSec" : 0.5890475434378261,
    "sentKBytesPerSec" : 0.5828008749943293
  }
}